Lisa,Kirschbaum,lbaum@gmail.com
Maggie,Caspar,mc@gmail.com
Ben,Jerry,ben@jerry.com
Susie,Lecker,susie@lecker.ca
Coffee,Bean,jj@coffee.com
Lachlan,Lastname,lachlan@ruby.comcharles,renfrew,charles@email.com
charles,renfrew,charles@email.com
Kerry,Rockland,rockland@kerry.ca